No,名前,備考
1,藍沢エマ,
2,赤彩みあ,
3,赤見かるび,
4,麻倉シノ,Neo-Porte / @Shino_Asakura
5,甘城なつき,
6,甘成じゅい,
7,甘音あむ,
8,アマル,
9,アルス・アルマル,
10,一ノ瀬うるは,ぶいすぽっ！ / @uruha_ichinose
11,絲依とい,
12,伊波ライ,
13,乾伸一郎,
14,イブラヒム,
15,詩羽,
16,卯埜らび,
17,うゅりる,
18,うるか,
19,エクス・アルビオ,
20,扇名いだ,ゆにれいど！ / @ouginaida
21,おおはらMEN,
22,おなつのにびたし,
23,鬼ヶ谷テン,
24,火狩夜れんま,ゆにれいど！ / @Kagariya_Renma（写真未取得）
25,叶,
26,神白ななせ,
27,恭一郎,
28,切嘛,
29,葛葉,
30,黒炭酸,
31,黒花蘭,
32,ぐちつぼ,
33,グラニット,
34,群青ロマン,ゆにれいど！ / @GunjoRoman
35,けっつん,
36,けんき,
37,小廻こま,
38,小柳ロウ,
39,昏昏アリア,
40,コンプサウルス,
41,ごっちゃん@マイキー,
42,埼凰リンネ,
43,坂本こん,
44,桜凛月,
45,椎名唯華,
46,秋雪こはく,REJECT / @Syusetu_kohaku
47,白雪レイド,
48,しろまんた,
49,じゃすぱー,
50,翠星アスト,
51,するがモンキー,
52,ズズ,
53,聖ルナティア,
54,瀬尾カザリ,
55,千燈ゆうひ,
56,鷹宮リオン,
57,蛇足,
58,ちーの,
59,デューク,
60,とおこ,
61,十神仁,YUMENOS / @jin_togami
62,時羽しう,
63,とっぴー,
64,トナカイト,
65,トントン,
66,ドンピシャ,
67,七乃羽すず,
68,那和ツムグ,
69,猫麦とろろ,
70,ハセシン,
71,花ノ木まる,
72,ハユン,
73,日裏クロ,
74,緋月ゆい,
75,日向まる,
76,日ノ隈らん,
77,氷乃渚,
78,飛良ひかり,
79,風楽奏斗,
80,ぺちゃんこ,
81,堀西,
82,魔界ノりりむ,
83,まるたけ,
84,麻婆豆腐,
85,巫神こん,
86,光葉エニ,
87,叢雲カゲツ,
88,メーメントヴァニタス,
89,望月ほぐの,
90,夜乃くろむ,
91,游禅ウラト,
92,夢野あかり,
93,夜よいち,
94,らいじん,
95,リモーネ先生,
96,レオス・ヴィンセント,
97,ろぜっくぴん,REJECT / @Rosec_pin
98,わきを,
99,渡会雲雀,
100,わらぶい,
101,AlphaAzur,
102,BobSappAim,
103,Day1,
104,dtto.,
105,k4sen,
106,Kamito,
107,marunnn,
108,Mondo,
109,Pepper,
110,Rainbrain,
111,rpr,
112,Sasatikk,
113,Selly,
114,SHAKA,
115,SPYGEA高橋,
116,Tonbo,MURASH GAMING / @Tonbocub
117,Vanilla,
118,Zerost,
